{
  "append": false,
  "dataset": {
    "black_result_examples": 19821,
    "draw_examples": 1927,
    "example_count": 41204,
    "white_result_examples": 19456
  },
  "dataset_path": "data/games_positions.jsonl",
  "difficulty": "medium",
  "epochs": 8,
  "final_training_loss": 0.1384219708005092,
  "fresh_model": true,
  "games_requested": 20,
  "generated_at": "2026-04-25T15:13:27",
  "generated_examples": 0,
  "import_max_games": 2000,
  "import_max_positions_per_game": 20,
  "import_paths": [
    "games.csv"
  ],
  "imported_examples": 38504,
  "learning_rate": 0.0005,
  "material_calibration_examples": 2700,
  "material_calibration_repeats": 300,
  "material_weight": 0.6,
  "max_turns": 200,
  "model_path": "models/chess_eval_weights.json",
  "result_weight": 0.4,
  "trained": true,
  "training_loss_history": [
    0.14836464730483243,
    0.14687884658382308,
    0.14472081626693092,
    0.1426747162882707,
    0.14104003133314066,
    0.14009796815952308,
    0.13921828824352644,
    0.1384219708005092
  ]
}