{
  "append": false,
  "dataset": {
    "black_result_examples": 46158,
    "draw_examples": 3958,
    "example_count": 99029,
    "white_result_examples": 48913
  },
  "dataset_path": "data/games_positions.jsonl",
  "difficulty": "medium",
  "epochs": 8,
  "final_training_loss": 0.14529275112214815,
  "fresh_model": true,
  "games_requested": 20,
  "generated_at": "2026-04-25T15:24:26",
  "generated_examples": 0,
  "import_max_games": 5000,
  "import_max_positions_per_game": 20,
  "import_paths": [
    "games.csv"
  ],
  "imported_examples": 96329,
  "learning_rate": 0.0005,
  "material_calibration_examples": 2700,
  "material_calibration_repeats": 300,
  "material_weight": 0.6,
  "max_turns": 200,
  "model_path": "models/chess_eval_weights.json",
  "result_weight": 0.4,
  "trained": true,
  "training_loss_history": [
    0.1543547170754261,
    0.1524566360351121,
    0.15059231471520412,
    0.14914972544593308,
    0.14800449733279497,
    0.14701051022290204,
    0.1460568399375889,
    0.14529275112214815
  ]
}