{
  "append": false,
  "dataset": {
    "black_result_examples": 5657,
    "draw_examples": 753,
    "example_count": 12315,
    "white_result_examples": 5905
  },
  "dataset_path": "data/games_positions.jsonl",
  "difficulty": "medium",
  "epochs": 8,
  "final_training_loss": 0.11374381521506653,
  "fresh_model": true,
  "games_requested": 20,
  "generated_at": "2026-04-25T15:03:06",
  "generated_examples": 0,
  "import_max_games": 500,
  "import_max_positions_per_game": 20,
  "import_paths": [
    "games.csv"
  ],
  "imported_examples": 9615,
  "learning_rate": 0.0005,
  "material_calibration_examples": 2700,
  "material_calibration_repeats": 300,
  "material_weight": 0.6,
  "max_turns": 200,
  "model_path": "models/chess_eval_weights.json",
  "result_weight": 0.4,
  "trained": true,
  "training_loss_history": [
    0.13196842591369098,
    0.129887581318525,
    0.12692675342054482,
    0.12322765345575358,
    0.1195018669015605,
    0.11657580901701876,
    0.11489884172523256,
    0.11374381521506653
  ]
}